{
    "botName" : "Ferris",
    "randSeed" : 1,
    "nBots" : 9,
    "timeStep" : 0.0416666,
    "__note" : "0.04166 is 24 FPS which matches the movie frame rate",
    "__timeStep" : 0.03225,
    "simulationTime" : 0,
    "commsRadius" : 100,
    "showComms" : 1,
    "showCommsRadius" : 0,
    "distributePercent" : 0.01,
    "displayWidth"  : 1000,
    "displayHeight" : 600,
    "displayWidthPercent" : 80,
    "displayHeightPercent" : 80,
    "displayScale"  : 1,
    "showHist" : 1,
    "histLength": 4000,
    "storeHistory": 1,
    "imageName" : "./movie4/f%04d.bmp",
    "saveVideo" :  0,
    "saveVideoN" : 1,
    "stepsPerFrame" : 1,
    "finalImage" : null,
    "stateFileName" : "simstates.json",
    "stateFileSteps" : 0,
    "colorscheme" : "bright",
    "GUI"  : 1 ,
    "msgSuccessRate" : 1.0,
    "distanceNoise" : 2
}

