{
  "bot_states": [
    {
      "ID": 0,
      "direction": 1.6807896745347342,
      "state": {},
      "x_position": 51.0,
      "y_position": 29.0
    },
    {
      "ID": 1,
      "direction": 1.7052747064864511,
      "state": {},
      "x_position": -95.0,
      "y_position": 36.0
    },
    {
      "ID": 2,
      "direction": 7.903899055553282,
      "state": {},
      "x_position": -127.0,
      "y_position": 70.0
    },
    {
      "ID": 3,
      "direction": 7.9192976506814716,
      "state": {},
      "x_position": 19.0,
      "y_position": 67.0
    },
    {
      "ID": 4,
      "direction": 7.9230380344494868,
      "state": {},
      "x_position": -12.0,
      "y_position": 34.0
    },
    {
      "ID": 5,
      "direction": 1.7633564556534771,
      "state": {},
      "x_position": 132.0,
      "y_position": 27.0
    },
    {
      "ID": 6,
      "direction": 1.6703038605030021,
      "state": {},
      "x_position": -57.0,
      "y_position": 70.0
    },
    {
      "ID": 7,
      "direction": 7.8354221255345919,
      "state": {},
      "x_position": -261.0,
      "y_position": 32.0
    },
    {
      "ID": 8,
      "direction": 3.0344660416678391,
      "state": {},
      "x_position": 236.05679200457786,
      "y_position": 63.763428900515223
    },
    {
      "ID": 9,
      "direction": 4.4741762948987471,
      "state": {},
      "x_position": 217.0,
      "y_position": 34.0
    },
    {
      "ID": 10,
      "direction": 1.7067579926467107,
      "state": {},
      "x_position": -172.0,
      "y_position": 35.0
    },
    {
      "ID": 11,
      "direction": 8.0344678283418052,
      "state": {},
      "x_position": 91.0,
      "y_position": 64.0
    },
    {
      "ID": 12,
      "direction": 1.1600171692913006,
      "state": {},
      "x_position": 252.0,
      "y_position": 33.0
    },
    {
      "ID": 13,
      "direction": 1.6709310472131982,
      "state": {},
      "x_position": -293.58919621811748,
      "y_position": 71.311468900827464
    },
    {
      "ID": 14,
      "direction": 1.5705403727063525,
      "state": {},
      "x_position": -219.0,
      "y_position": 71.0
    }
  ],
  "ticks": 0
}
